id,data,total_mensagens,total_urgentes,categorias_json,resumo_texto,created_at
f10b3738-c3a0-44cc-aa39-b6f95b4b0618,2026-08-09,10,3,"{""urgente_prazo"":3,""duvida_processo"":2,""agendamento"":1,""financeiro"":1,""documento_recebido"":2,""spam_irrelevante"":1}","📋 Resumo Diário de Mensagens — 2026-08-09
Total de mensagens: 10

🔴 URGENTES (3)
1. Parte contrária — Processo: 0009988-11.2023.5.03.0069 — Prazo: 2026-08-08 ⚠️ (parte contrária, não é cliente)
2. Carlos — Processo: 0011456-78.2025.5.03.0132 — Prazo: 2026-08-15
3. Maria Aparecida — Processo: 0010702-33.2024.5.03.0069 — Prazo: não informado

Por categoria:
- urgente_prazo: 3
- duvida_processo: 2
- agendamento: 1
- financeiro: 1
- documento_recebido: 2
- spam_irrelevante: 1
",2026-08-09 20:46:40.896848+00